{"test_acc1": 12.5, "test_acc5": 72.22222137451172, "_timestamp": 1709563000.7115324, "_runtime": 42856.63575339317, "_step": 178}