{"test_acc1": 76.3888931274414, "test_acc5": 95.83333587646484, "_timestamp": 1709649395.5419319, "_runtime": 567.5567209720612, "_step": 1, "_wandb": {"runtime": 645}}