{"test_acc1": 84.72222137451172, "test_acc5": 91.66666412353516, "_timestamp": 1709617655.9875085, "_runtime": 115.50691962242126, "_step": 19, "_wandb": {"runtime": 116}}