{"test_acc1": 21.875, "test_acc5": 43.75, "_timestamp": 1709804942.760888, "_runtime": 37993.25894403458, "_step": 694, "_wandb": {"runtime": 37988}}