{"test_acc1": 88.8888931274414, "test_acc5": 94.44444274902344, "_timestamp": 1709648498.3859222, "_runtime": 542.9156332015991, "_step": 0, "_wandb": {"runtime": 833}}