{"test_acc1": 88.8888931274414, "test_acc5": 94.44444274902344, "_timestamp": 1709648498.3669486, "_runtime": 542.896657705307, "_step": 0, "_wandb": {"runtime": 834}}