{"test_acc1": 84.72222137451172, "test_acc5": 91.66666412353516, "_timestamp": 1709617655.7211204, "_runtime": 115.33726835250854, "_step": 19, "_wandb": {"runtime": 117}}