{"test_acc1": 91.66666412353516, "test_acc5": 94.44444274902344, "_timestamp": 1709650208.2903879, "_runtime": 241.54841780662537, "_step": 0, "_wandb": {"runtime": 252}}