{"test_acc1": 77.77777862548828, "test_acc5": 95.83333587646484, "_timestamp": 1709649800.620241, "_runtime": 286.30273699760437, "_step": 1, "_wandb": {"runtime": 304}}