{"test_acc1": 9.722222328186035, "test_acc5": 86.11111450195312, "_timestamp": 1709517303.532459, "_runtime": 811.2711110115051, "_step": 2}