{"test_acc1": 15.625, "test_acc5": 40.625, "_timestamp": 1709752463.175113, "_runtime": 52497.973953962326, "_step": 694, "_wandb": {"runtime": 52491}}