{"test_acc1": 91.66666412353516, "test_acc5": 94.44444274902344, "_timestamp": 1709650208.2743702, "_runtime": 241.45193815231323, "_step": 0, "_wandb": {"runtime": 252}}