{"test_acc1": 25.0, "test_acc5": 95.83333587646484, "_timestamp": 1709647509.4735124, "_runtime": 29048.94108438492, "_step": 9, "_wandb": {"runtime": 29297}}