{"test_acc1": 84.72222137451172, "test_acc5": 91.66666412353516, "_timestamp": 1709617655.161944, "_runtime": 114.54002499580383, "_step": 19, "_wandb": {"runtime": 117}}