{"test_acc1": 15.625, "test_acc5": 46.875, "_timestamp": 1709840176.3466182, "_runtime": 34939.22169327736, "_step": 694, "_wandb": {"runtime": 34939}}