{"test_acc1": 21.875, "test_acc5": 43.75, "_timestamp": 1709804942.7357216, "_runtime": 37993.234355688095, "_step": 694, "_wandb": {"runtime": 37989}}