{"test_acc1": 97.22222137451172, "test_acc5": 100.0, "_timestamp": 1709618430.417723, "_runtime": 83.84599494934082, "_step": 9, "_wandb": {"runtime": 88}}