{"test_acc1": 91.66666412353516, "test_acc5": 94.44444274902344, "_timestamp": 1709650208.270695, "_runtime": 240.96724486351013, "_step": 0, "_wandb": {"runtime": 251}}