{"test_acc1": 84.72222137451172, "test_acc5": 91.66666412353516, "_timestamp": 1709617654.72928, "_runtime": 113.77619504928589, "_step": 19, "_wandb": {"runtime": 117}}