{"test_acc1": 12.5, "test_acc5": 72.22222137451172, "_timestamp": 1709563001.479446, "_runtime": 42857.72019696236, "_step": 178, "_wandb": {"runtime": 43103}}