{"test_acc1": 9.722222328186035, "test_acc5": 86.11111450195312, "_timestamp": 1709517303.545616, "_runtime": 810.6179149150848, "_step": 2}