{"test_acc1": 25.0, "test_acc5": 95.83333587646484, "_timestamp": 1709647509.4742036, "_runtime": 29049.068506479263, "_step": 9, "_wandb": {"runtime": 29297}}