{"test_acc1": 12.5, "test_acc5": 31.25, "_timestamp": 1709693837.7549033, "_runtime": 43521.39228320122, "_step": 694, "_wandb": {"runtime": 43522}}