{"test_acc1": 8.333333015441895, "test_acc5": 75.0, "_timestamp": 1709617334.5685556, "_runtime": 6291.111120700836, "_step": 25, "_wandb": {"runtime": 6376}}