{"test_acc1": 91.66666412353516, "test_acc5": 94.44444274902344, "_timestamp": 1709650208.8552568, "_runtime": 242.20638585090637, "_step": 0, "_wandb": {"runtime": 252}}