{"test_acc1": 15.625, "test_acc5": 40.625, "_timestamp": 1709752463.2388983, "_runtime": 52498.055663347244, "_step": 694, "_wandb": {"runtime": 52490}}