{"test_acc1": 15.625, "test_acc5": 46.875, "_timestamp": 1709840176.342989, "_runtime": 34938.98892903328, "_step": 694, "_wandb": {"runtime": 34939}}