{"test_acc1": 15.625, "test_acc5": 46.875, "_timestamp": 1709840176.3405776, "_runtime": 34939.126482486725, "_step": 694, "_wandb": {"runtime": 34939}}