{"test_acc1": 12.5, "test_acc5": 31.25, "_timestamp": 1709693837.8101132, "_runtime": 43521.452322244644, "_step": 694, "_wandb": {"runtime": 43521}}