{"test_acc1": 77.77777862548828, "test_acc5": 95.83333587646484, "_timestamp": 1709649800.623326, "_runtime": 286.1922781467438, "_step": 1, "_wandb": {"runtime": 304}}