{"test_acc1": 97.22222137451172, "test_acc5": 100.0, "_timestamp": 1709618431.3003232, "_runtime": 84.63796925544739, "_step": 9, "_wandb": {"runtime": 88}}