{"test_acc1": 18.75, "test_acc5": 43.75, "_timestamp": 1709899489.5569673, "_runtime": 35394.59027218819, "_step": 694, "_wandb": {"runtime": 35394}}