{"test_acc1": 77.77777862548828, "test_acc5": 95.83333587646484, "_timestamp": 1709649800.9766097, "_runtime": 286.7185118198395, "_step": 1, "_wandb": {"runtime": 305}}