{"test_acc1": 12.5, "test_acc5": 72.22222137451172, "_timestamp": 1709563000.782948, "_runtime": 42857.68274593353, "_step": 178}