{"test_acc1": 9.722222328186035, "test_acc5": 86.11111450195312, "_timestamp": 1709517304.8036084, "_runtime": 811.870290517807, "_step": 2, "_wandb": {"runtime": 903}}