{"test_acc1": 12.5, "test_acc5": 72.22222137451172, "_timestamp": 1709563000.6698868, "_runtime": 42856.30220079422, "_step": 178}